[
{
    "model": "dcim.devicerole",
    "pk": 1,
    "fields": {
        "name": "Console Server",
        "slug": "console-server",
        "color": "009688"
    }
},
{
    "model": "dcim.devicerole",
    "pk": 2,
    "fields": {
        "name": "Core Switch",
        "slug": "core-switch",
        "color": "2196f3"
    }
},
{
    "model": "dcim.devicerole",
    "pk": 3,
    "fields": {
        "name": "Distribution Switch",
        "slug": "distribution-switch",
        "color": "2196f3"
    }
},
{
    "model": "dcim.devicerole",
    "pk": 4,
    "fields": {
        "name": "Access Switch",
        "slug": "access-switch",
        "color": "2196f3"
    }
},
{
    "model": "dcim.devicerole",
    "pk": 5,
    "fields": {
        "name": "Management Switch",
        "slug": "management-switch",
        "color": "ff9800"
    }
},
{
    "model": "dcim.devicerole",
    "pk": 6,
    "fields": {
        "name": "Firewall",
        "slug": "firewall",
        "color": "f44336"
    }
},
{
    "model": "dcim.devicerole",
    "pk": 7,
    "fields": {
        "name": "Router",
        "slug": "router",
        "color": "9c27b0"
    }
},
{
    "model": "dcim.devicerole",
    "pk": 8,
    "fields": {
        "name": "Server",
        "slug": "server",
        "color": "9e9e9e"
    }
},
{
    "model": "dcim.devicerole",
    "pk": 9,
    "fields": {
        "name": "PDU",
        "slug": "pdu",
        "color": "607d8b"
    }
},
{
    "model": "dcim.manufacturer",
    "pk": 1,
    "fields": {
        "name": "APC",
        "slug": "apc"
    }
},
{
    "model": "dcim.manufacturer",
    "pk": 2,
    "fields": {
        "name": "Cisco",
        "slug": "cisco"
    }
},
{
    "model": "dcim.manufacturer",
    "pk": 3,
    "fields": {
        "name": "Dell",
        "slug": "dell"
    }
},
{
    "model": "dcim.manufacturer",
    "pk": 4,
    "fields": {
        "name": "HP",
        "slug": "hp"
    }
},
{
    "model": "dcim.manufacturer",
    "pk": 5,
    "fields": {
        "name": "Juniper",
        "slug": "juniper"
    }
},
{
    "model": "dcim.manufacturer",
    "pk": 6,
    "fields": {
        "name": "Arista",
        "slug": "arista"
    }
},
{
    "model": "dcim.manufacturer",
    "pk": 7,
    "fields": {
        "name": "Opengear",
        "slug": "opengear"
    }
},
{
    "model": "dcim.manufacturer",
    "pk": 8,
    "fields": {
        "name": "Super Micro",
        "slug": "super-micro"
    }
},
{
    "model": "dcim.platform",
    "pk": 1,
    "fields": {
        "name": "Cisco IOS",
        "slug": "cisco-ios",
        "rpc_client": "cisco-ios"
    }
},
{
    "model": "dcim.platform",
    "pk": 2,
    "fields": {
        "name": "Cisco NX-OS",
        "slug": "cisco-nx-os",
        "rpc_client": ""
    }
},
{
    "model": "dcim.platform",
    "pk": 3,
    "fields": {
        "name": "Juniper Junos",
        "slug": "juniper-junos",
        "rpc_client": "juniper-junos"
    }
},
{
    "model": "dcim.platform",
    "pk": 4,
    "fields": {
        "name": "Arista EOS",
        "slug": "arista-eos",
        "rpc_client": ""
    }
},
{
    "model": "dcim.platform",
    "pk": 5,
    "fields": {
        "name": "Linux",
        "slug": "linux",
        "rpc_client": ""
    }
},
{
    "model": "dcim.platform",
    "pk": 6,
    "fields": {
        "name": "Opengear",
        "slug": "opengear",
        "rpc_client": "opengear"
    }
}
]
