[
{
    "model": "extras.graph",
    "pk": 1,
    "fields": {
        "type": 300,
        "weight": 1000,
        "name": "Site Test Graph",
        "source": "http://localhost/na.png",
        "link": ""
    }
},
{
    "model": "extras.graph",
    "pk": 2,
    "fields": {
        "type": 200,
        "weight": 1000,
        "name": "Provider Test Graph",
        "source": "http://localhost/provider_graph.png",
        "link": ""
    }
},
{
    "model": "extras.graph",
    "pk": 3,
    "fields": {
        "type": 100,
        "weight": 1000,
        "name": "Interface Test Graph",
        "source": "http://localhost/interface_graph.png",
        "link": ""
    }
}
]