[
{
    "model": "secrets.secretrole",
    "pk": 1,
    "fields": {
        "name": "Login Credentials",
        "slug": "login-credentials",
        "users": [],
        "groups": []
    }
},
{
    "model": "secrets.secretrole",
    "pk": 2,
    "fields": {
        "name": "RADIUS Key",
        "slug": "radius-key",
        "users": [],
        "groups": []
    }
},
{
    "model": "secrets.secretrole",
    "pk": 3,
    "fields": {
        "name": "SNMPv2 Community",
        "slug": "snmpv2-community",
        "users": [],
        "groups": []
    }
},
{
    "model": "secrets.secretrole",
    "pk": 4,
    "fields": {
        "name": "SNMPv3 Credentials",
        "slug": "snmpv3-credentials",
        "users": [],
        "groups": []
    }
}
]
